{
	"partitions" : [
		{
			"name" : "Top",
			"pins" : [
				{
					"name" : "o[0]",
					"strict" : false
				},
				{
					"name" : "o[1]",
					"strict" : false
				},
				{
					"name" : "o[2]",
					"strict" : false
				},
				{
					"name" : "o[3]",
					"strict" : false
				},
				{
					"name" : "o[4]",
					"strict" : false
				},
				{
					"name" : "o[5]",
					"strict" : false
				},
				{
					"name" : "o[6]",
					"strict" : false
				},
				{
					"name" : "o[7]",
					"strict" : false
				},
				{
					"name" : "c",
					"strict" : false
				},
				{
					"name" : "z",
					"strict" : false
				},
				{
					"name" : "n",
					"strict" : false
				},
				{
					"name" : "ov",
					"strict" : false
				},
				{
					"name" : "opcode[3]",
					"strict" : false
				},
				{
					"name" : "opcode[0]",
					"strict" : false
				},
				{
					"name" : "opcode[1]",
					"strict" : false
				},
				{
					"name" : "opcode[2]",
					"strict" : false
				},
				{
					"name" : "a[0]",
					"strict" : false
				},
				{
					"name" : "b[0]",
					"strict" : false
				},
				{
					"name" : "a[1]",
					"strict" : false
				},
				{
					"name" : "b[1]",
					"strict" : false
				},
				{
					"name" : "a[2]",
					"strict" : false
				},
				{
					"name" : "b[2]",
					"strict" : false
				},
				{
					"name" : "a[3]",
					"strict" : false
				},
				{
					"name" : "b[3]",
					"strict" : false
				},
				{
					"name" : "a[4]",
					"strict" : false
				},
				{
					"name" : "b[4]",
					"strict" : false
				},
				{
					"name" : "a[5]",
					"strict" : false
				},
				{
					"name" : "b[5]",
					"strict" : false
				},
				{
					"name" : "a[6]",
					"strict" : false
				},
				{
					"name" : "b[6]",
					"strict" : false
				},
				{
					"name" : "a[7]",
					"strict" : false
				},
				{
					"name" : "b[7]",
					"strict" : false
				}
			]
		}
	]
}