{
	"partitions" : [
		{
			"name" : "Top",
			"pins" : [
				{
					"name" : "c",
					"strict" : false
				},
				{
					"name" : "z",
					"strict" : false
				},
				{
					"name" : "n",
					"strict" : false
				},
				{
					"name" : "ov",
					"strict" : false
				},
				{
					"name" : "f",
					"strict" : false
				},
				{
					"name" : "d",
					"strict" : false
				},
				{
					"name" : "e",
					"strict" : false
				},
				{
					"name" : "pc_address[0]",
					"strict" : false
				},
				{
					"name" : "pc_address[1]",
					"strict" : false
				},
				{
					"name" : "pc_address[2]",
					"strict" : false
				},
				{
					"name" : "pc_address[3]",
					"strict" : false
				},
				{
					"name" : "pc_address[4]",
					"strict" : false
				},
				{
					"name" : "pc_address[5]",
					"strict" : false
				},
				{
					"name" : "pc_address[6]",
					"strict" : false
				},
				{
					"name" : "pc_address[7]",
					"strict" : false
				},
				{
					"name" : "seg0[0]",
					"strict" : false
				},
				{
					"name" : "seg0[1]",
					"strict" : false
				},
				{
					"name" : "seg0[2]",
					"strict" : false
				},
				{
					"name" : "seg0[3]",
					"strict" : false
				},
				{
					"name" : "seg0[4]",
					"strict" : false
				},
				{
					"name" : "seg0[5]",
					"strict" : false
				},
				{
					"name" : "seg0[6]",
					"strict" : false
				},
				{
					"name" : "seg1[0]",
					"strict" : false
				},
				{
					"name" : "seg1[1]",
					"strict" : false
				},
				{
					"name" : "seg1[2]",
					"strict" : false
				},
				{
					"name" : "seg1[3]",
					"strict" : false
				},
				{
					"name" : "seg2[0]",
					"strict" : false
				},
				{
					"name" : "seg2[1]",
					"strict" : false
				},
				{
					"name" : "seg2[2]",
					"strict" : false
				},
				{
					"name" : "seg2[3]",
					"strict" : false
				},
				{
					"name" : "seg2[4]",
					"strict" : false
				},
				{
					"name" : "seg2[5]",
					"strict" : false
				},
				{
					"name" : "seg2[6]",
					"strict" : false
				},
				{
					"name" : "seg3[0]",
					"strict" : false
				},
				{
					"name" : "seg3[1]",
					"strict" : false
				},
				{
					"name" : "seg3[2]",
					"strict" : false
				},
				{
					"name" : "seg3[3]",
					"strict" : false
				},
				{
					"name" : "seg3[4]",
					"strict" : false
				},
				{
					"name" : "seg3[5]",
					"strict" : false
				},
				{
					"name" : "seg3[6]",
					"strict" : false
				},
				{
					"name" : "clk",
					"strict" : false
				},
				{
					"name" : "data[7]",
					"strict" : false
				},
				{
					"name" : "data[6]",
					"strict" : false
				},
				{
					"name" : "data[5]",
					"strict" : false
				},
				{
					"name" : "data[4]",
					"strict" : false
				},
				{
					"name" : "data[3]",
					"strict" : false
				},
				{
					"name" : "data[2]",
					"strict" : false
				},
				{
					"name" : "data[0]",
					"strict" : false
				},
				{
					"name" : "data[1]",
					"strict" : false
				},
				{
					"name" : "opcode[0]",
					"strict" : false
				},
				{
					"name" : "opcode[1]",
					"strict" : false
				},
				{
					"name" : "opcode[2]",
					"strict" : false
				},
				{
					"name" : "opcode[3]",
					"strict" : false
				}
			]
		}
	]
}